file,header_replaced,styles_copied,scripts_copied,modals_removed,modal_inserted,search_trigger_added,wand_css_added,wand_scripts_added,fallback_search_added,backup
10-minute-childrens-stories.html,True,32,5,0,1,False,False,7,True,10-minute-childrens-stories.autoPatch.20260102_223701.backup.html
5-minute-bedtime-stories.html,True,32,5,0,1,False,False,8,True,5-minute-bedtime-stories.autoPatch.20260102_223701.backup.html
5-minute-childrens-stories.html,True,32,5,0,1,False,False,7,True,5-minute-childrens-stories.autoPatch.20260102_223701.backup.html
BlanK_HTML.html,True,32,5,0,1,False,False,8,True,BlanK_HTML.autoPatch.20260102_223701.backup.html
FAQ.html,True,32,5,1,1,False,False,8,True,FAQ.autoPatch.20260102_223701.backup.html
OLD HTML/blank.html,True,32,5,1,1,False,False,8,True,OLD HTML/blank.autoPatch.20260102_223701.backup.html
OLD HTML/index_ (1).html,True,32,5,1,1,False,False,7,True,OLD HTML/index_ (1).autoPatch.20260102_223701.backup.html
OLD HTML/index_.html,True,32,5,1,1,False,False,7,True,OLD HTML/index_.autoPatch.20260102_223701.backup.html
OLD HTML/story_bell_blank.html,True,32,5,1,1,False,False,7,True,OLD HTML/story_bell_blank.autoPatch.20260102_223701.backup.html
about.html,True,32,5,0,1,False,False,8,True,about.autoPatch.20260102_223701.backup.html
back ups/0_3.html,True,32,5,1,1,False,False,7,True,back ups/0_3.autoPatch.20260102_223701.backup.html
back ups/10min.html,True,32,5,1,1,False,False,7,True,back ups/10min.autoPatch.20260102_223701.backup.html
back ups/4_6.html,True,32,5,1,1,False,False,7,True,back ups/4_6.autoPatch.20260102_223701.backup.html
back ups/5min.html,True,32,5,1,1,False,False,7,True,back ups/5min.autoPatch.20260102_223701.backup.html
back ups/7_12.html,True,32,5,1,1,False,False,7,True,back ups/7_12.autoPatch.20260102_223701.backup.html
back ups/indexbackup.html,True,32,5,1,1,False,False,7,True,back ups/indexbackup.autoPatch.20260102_223701.backup.html
back ups/poems.html,True,32,5,1,1,False,False,7,True,back ups/poems.autoPatch.20260102_223701.backup.html
backup_before_floating_queue/10-minute-childrens-stories.html,True,32,5,1,1,False,False,7,True,backup_before_floating_queue/10-minute-childrens-stories.autoPatch.20260102_223701.backup.html
backup_before_floating_queue/5-minute-bedtime-stories.html,True,32,5,1,1,False,False,8,True,backup_before_floating_queue/5-minute-bedtime-stories.autoPatch.20260102_223701.backup.html
backup_before_floating_queue/5-minute-childrens-stories.html,True,32,5,1,1,False,False,7,True,backup_before_floating_queue/5-minute-childrens-stories.autoPatch.20260102_223701.backup.html
backup_before_floating_queue/BlanK_HTML.html,True,32,5,1,1,False,False,8,True,backup_before_floating_queue/BlanK_HTML.autoPatch.20260102_223701.backup.html
backup_before_floating_queue/FAQ.html,True,32,5,1,1,False,False,8,True,backup_before_floating_queue/FAQ.autoPatch.20260102_223701.backup.html
backup_before_floating_queue/about.html,True,32,5,1,1,False,False,8,True,backup_before_floating_queue/about.autoPatch.20260102_223701.backup.html
backup_before_floating_queue/bedtime-stories-about-kindness.html,True,32,5,1,1,False,False,8,True,backup_before_floating_queue/bedtime-stories-about-kindness.autoPatch.20260102_223701.backup.html
backup_before_floating_queue/childrens-poems-and-rhymes.html,True,32,5,1,1,False,False,7,True,backup_before_floating_queue/childrens-poems-and-rhymes.autoPatch.20260102_223701.backup.html
backup_before_floating_queue/childrens-stories-about-anger.html,True,32,5,1,1,False,False,7,True,backup_before_floating_queue/childrens-stories-about-anger.autoPatch.20260102_223701.backup.html
backup_before_floating_queue/childrens-stories-about-disgust.html,True,32,5,1,1,False,False,7,True,backup_before_floating_queue/childrens-stories-about-disgust.autoPatch.20260102_223701.backup.html
backup_before_floating_queue/childrens-stories-about-fear.html,True,32,5,1,1,False,False,7,True,backup_before_floating_queue/childrens-stories-about-fear.autoPatch.20260102_223701.backup.html
backup_before_floating_queue/childrens-stories-about-happiness.html,True,32,5,1,1,False,False,7,True,backup_before_floating_queue/childrens-stories-about-happiness.autoPatch.20260102_223701.backup.html
backup_before_floating_queue/childrens-stories-about-sadness.html,True,32,5,1,1,False,False,7,True,backup_before_floating_queue/childrens-stories-about-sadness.autoPatch.20260102_223701.backup.html
backup_before_floating_queue/childrens-stories-about-surprise.html,True,32,5,1,1,False,False,7,True,backup_before_floating_queue/childrens-stories-about-surprise.autoPatch.20260102_223701.backup.html
backup_before_floating_queue/childrens-stories-ages-0-3.html,True,32,5,1,1,False,False,7,True,backup_before_floating_queue/childrens-stories-ages-0-3.autoPatch.20260102_223701.backup.html
backup_before_floating_queue/childrens-stories-ages-4-6.html,True,32,5,1,1,False,False,7,True,backup_before_floating_queue/childrens-stories-ages-4-6.autoPatch.20260102_223701.backup.html
backup_before_floating_queue/childrens-stories-ages-7-12.html,True,32,5,1,1,False,False,7,True,backup_before_floating_queue/childrens-stories-ages-7-12.autoPatch.20260102_223701.backup.html
backup_before_floating_queue/educational-bedtime-stories.html,True,32,5,1,1,False,False,8,True,backup_before_floating_queue/educational-bedtime-stories.autoPatch.20260102_223701.backup.html
backup_before_floating_queue/emma-and-the-surprise-party.html,True,32,5,1,1,False,False,8,True,backup_before_floating_queue/emma-and-the-surprise-party.autoPatch.20260102_223701.backup.html
backup_before_floating_queue/faq(1).html,True,32,5,1,1,False,False,8,True,backup_before_floating_queue/faq(1).autoPatch.20260102_223701.backup.html
backup_before_floating_queue/faq2.html,True,32,5,1,1,False,False,8,True,backup_before_floating_queue/faq2.autoPatch.20260102_223701.backup.html
backup_before_floating_queue/free-bedtime-stories-for-kids.html,True,32,5,1,1,False,False,8,True,backup_before_floating_queue/free-bedtime-stories-for-kids.autoPatch.20260102_223701.backup.html
backup_before_floating_queue/kids-stories-about-feelings.html,True,32,5,1,1,False,False,8,True,backup_before_floating_queue/kids-stories-about-feelings.autoPatch.20260102_223701.backup.html
backup_before_floating_queue/lily-and-the-blue-balloon.html,True,32,5,1,1,False,False,8,True,backup_before_floating_queue/lily-and-the-blue-balloon.autoPatch.20260102_223701.backup.html
backup_before_floating_queue/milo-the-mouse.html,True,32,5,1,1,False,False,8,True,backup_before_floating_queue/milo-the-mouse.autoPatch.20260102_223701.backup.html
backup_before_floating_queue/moral-stories-for-kids.html,True,32,5,1,1,False,False,8,True,backup_before_floating_queue/moral-stories-for-kids.autoPatch.20260102_223701.backup.html
backup_before_floating_queue/owl-in-the-dark-forest.html,True,32,5,1,1,False,False,8,True,backup_before_floating_queue/owl-in-the-dark-forest.autoPatch.20260102_223701.backup.html
backup_before_floating_queue/read-aloud-stories-for-children.html,True,32,5,1,1,False,False,8,True,backup_before_floating_queue/read-aloud-stories-for-children.autoPatch.20260102_223701.backup.html
backup_before_floating_queue/short-bedtime-stories-for-kids.html,True,32,5,1,1,False,False,8,True,backup_before_floating_queue/short-bedtime-stories-for-kids.autoPatch.20260102_223701.backup.html
backup_before_floating_queue/stars-in-my-window.html,True,32,5,1,1,False,False,8,True,backup_before_floating_queue/stars-in-my-window.autoPatch.20260102_223701.backup.html
backup_before_floating_queue/story_bell_blank_norotate.html,True,32,5,1,1,False,False,8,True,backup_before_floating_queue/story_bell_blank_norotate.autoPatch.20260102_223701.backup.html
backup_before_floating_queue/the-brave-little-duckling.html,True,32,5,1,1,False,False,8,True,backup_before_floating_queue/the-brave-little-duckling.autoPatch.20260102_223701.backup.html
backup_before_floating_queue/the-case-of-the-gross-green-socks.html,True,32,5,1,1,False,False,8,True,backup_before_floating_queue/the-case-of-the-gross-green-socks.autoPatch.20260102_223701.backup.html
backup_before_floating_queue/the-lonely-leaf.html,True,32,5,1,1,False,False,8,True,backup_before_floating_queue/the-lonely-leaf.autoPatch.20260102_223701.backup.html
backup_before_floating_queue/the-secret-in-the-library.html,True,32,5,1,1,False,False,8,True,backup_before_floating_queue/the-secret-in-the-library.autoPatch.20260102_223701.backup.html
backup_before_floating_queue/the-tiniest-rainbow.html,True,32,5,1,1,False,False,8,True,backup_before_floating_queue/the-tiniest-rainbow.autoPatch.20260102_223701.backup.html
backup_before_floating_queue/under_construction.html,True,32,5,1,1,False,False,8,True,backup_before_floating_queue/under_construction.autoPatch.20260102_223701.backup.html
backup_before_queue/10-minute-childrens-stories.html,True,32,5,1,1,False,False,7,True,backup_before_queue/10-minute-childrens-stories.autoPatch.20260102_223701.backup.html
backup_before_queue/5-minute-bedtime-stories.html,True,32,5,1,1,False,False,8,True,backup_before_queue/5-minute-bedtime-stories.autoPatch.20260102_223701.backup.html
backup_before_queue/5-minute-childrens-stories.html,True,32,5,1,1,False,False,7,True,backup_before_queue/5-minute-childrens-stories.autoPatch.20260102_223701.backup.html
backup_before_queue/BlanK_HTML.html,True,32,5,1,1,False,False,8,True,backup_before_queue/BlanK_HTML.autoPatch.20260102_223701.backup.html
backup_before_queue/FAQ.html,True,32,5,1,1,False,False,8,True,backup_before_queue/FAQ.autoPatch.20260102_223701.backup.html
backup_before_queue/about.html,True,32,5,1,1,False,False,8,True,backup_before_queue/about.autoPatch.20260102_223701.backup.html
backup_before_queue/bedtime-stories-about-kindness.html,True,32,5,1,1,False,False,8,True,backup_before_queue/bedtime-stories-about-kindness.autoPatch.20260102_223701.backup.html
backup_before_queue/childrens-poems-and-rhymes.html,True,32,5,1,1,False,False,7,True,backup_before_queue/childrens-poems-and-rhymes.autoPatch.20260102_223701.backup.html
backup_before_queue/childrens-stories-about-anger.html,True,32,5,1,1,False,False,7,True,backup_before_queue/childrens-stories-about-anger.autoPatch.20260102_223701.backup.html
backup_before_queue/childrens-stories-about-disgust.html,True,32,5,1,1,False,False,7,True,backup_before_queue/childrens-stories-about-disgust.autoPatch.20260102_223701.backup.html
backup_before_queue/childrens-stories-about-fear.html,True,32,5,1,1,False,False,7,True,backup_before_queue/childrens-stories-about-fear.autoPatch.20260102_223701.backup.html
backup_before_queue/childrens-stories-about-happiness.html,True,32,5,1,1,False,False,7,True,backup_before_queue/childrens-stories-about-happiness.autoPatch.20260102_223701.backup.html
backup_before_queue/childrens-stories-about-sadness.html,True,32,5,1,1,False,False,7,True,backup_before_queue/childrens-stories-about-sadness.autoPatch.20260102_223701.backup.html
backup_before_queue/childrens-stories-about-surprise.html,True,32,5,1,1,False,False,7,True,backup_before_queue/childrens-stories-about-surprise.autoPatch.20260102_223701.backup.html
backup_before_queue/childrens-stories-ages-0-3.html,True,32,5,1,1,False,False,7,True,backup_before_queue/childrens-stories-ages-0-3.autoPatch.20260102_223701.backup.html
backup_before_queue/childrens-stories-ages-4-6.html,True,32,5,1,1,False,False,7,True,backup_before_queue/childrens-stories-ages-4-6.autoPatch.20260102_223701.backup.html
backup_before_queue/childrens-stories-ages-7-12.html,True,32,5,1,1,False,False,7,True,backup_before_queue/childrens-stories-ages-7-12.autoPatch.20260102_223701.backup.html
backup_before_queue/educational-bedtime-stories.html,True,32,5,1,1,False,False,8,True,backup_before_queue/educational-bedtime-stories.autoPatch.20260102_223701.backup.html
backup_before_queue/emma-and-the-surprise-party.html,True,32,5,1,1,False,False,8,True,backup_before_queue/emma-and-the-surprise-party.autoPatch.20260102_223701.backup.html
backup_before_queue/faq(1).html,True,32,5,1,1,False,False,8,True,backup_before_queue/faq(1).autoPatch.20260102_223701.backup.html
backup_before_queue/faq2.html,True,32,5,1,1,False,False,8,True,backup_before_queue/faq2.autoPatch.20260102_223701.backup.html
backup_before_queue/free-bedtime-stories-for-kids.html,True,32,5,1,1,False,False,8,True,backup_before_queue/free-bedtime-stories-for-kids.autoPatch.20260102_223701.backup.html
backup_before_queue/kids-stories-about-feelings.html,True,32,5,1,1,False,False,8,True,backup_before_queue/kids-stories-about-feelings.autoPatch.20260102_223701.backup.html
backup_before_queue/lily-and-the-blue-balloon.html,True,32,5,1,1,False,False,8,True,backup_before_queue/lily-and-the-blue-balloon.autoPatch.20260102_223701.backup.html
backup_before_queue/milo-the-mouse.html,True,32,5,1,1,False,False,8,True,backup_before_queue/milo-the-mouse.autoPatch.20260102_223701.backup.html
backup_before_queue/moral-stories-for-kids.html,True,32,5,1,1,False,False,8,True,backup_before_queue/moral-stories-for-kids.autoPatch.20260102_223701.backup.html
backup_before_queue/owl-in-the-dark-forest.html,True,32,5,1,1,False,False,8,True,backup_before_queue/owl-in-the-dark-forest.autoPatch.20260102_223701.backup.html
backup_before_queue/read-aloud-stories-for-children.html,True,32,5,1,1,False,False,8,True,backup_before_queue/read-aloud-stories-for-children.autoPatch.20260102_223701.backup.html
backup_before_queue/short-bedtime-stories-for-kids.html,True,32,5,1,1,False,False,8,True,backup_before_queue/short-bedtime-stories-for-kids.autoPatch.20260102_223701.backup.html
backup_before_queue/stars-in-my-window.html,True,32,5,1,1,False,False,8,True,backup_before_queue/stars-in-my-window.autoPatch.20260102_223701.backup.html
backup_before_queue/story_bell_blank_norotate.html,True,32,5,1,1,False,False,8,True,backup_before_queue/story_bell_blank_norotate.autoPatch.20260102_223701.backup.html
backup_before_queue/the-brave-little-duckling.html,True,32,5,1,1,False,False,8,True,backup_before_queue/the-brave-little-duckling.autoPatch.20260102_223701.backup.html
backup_before_queue/the-case-of-the-gross-green-socks.html,True,32,5,1,1,False,False,8,True,backup_before_queue/the-case-of-the-gross-green-socks.autoPatch.20260102_223701.backup.html
backup_before_queue/the-lonely-leaf.html,True,32,5,1,1,False,False,8,True,backup_before_queue/the-lonely-leaf.autoPatch.20260102_223701.backup.html
backup_before_queue/the-secret-in-the-library.html,True,32,5,1,1,False,False,8,True,backup_before_queue/the-secret-in-the-library.autoPatch.20260102_223701.backup.html
backup_before_queue/the-tiniest-rainbow.html,True,32,5,1,1,False,False,8,True,backup_before_queue/the-tiniest-rainbow.autoPatch.20260102_223701.backup.html
backup_before_queue/under_construction.html,True,32,5,1,1,False,False,8,True,backup_before_queue/under_construction.autoPatch.20260102_223701.backup.html
backup_click_fix/10-minute-childrens-stories.html,True,32,5,1,1,False,False,7,True,backup_click_fix/10-minute-childrens-stories.autoPatch.20260102_223701.backup.html
backup_click_fix/5-minute-bedtime-stories.html,True,32,5,1,1,False,False,8,True,backup_click_fix/5-minute-bedtime-stories.autoPatch.20260102_223701.backup.html
backup_click_fix/5-minute-childrens-stories.html,True,32,5,1,1,False,False,7,True,backup_click_fix/5-minute-childrens-stories.autoPatch.20260102_223701.backup.html
backup_click_fix/BlanK_HTML.html,True,32,5,1,1,False,False,8,True,backup_click_fix/BlanK_HTML.autoPatch.20260102_223701.backup.html
backup_click_fix/FAQ.html,True,32,5,1,1,False,False,8,True,backup_click_fix/FAQ.autoPatch.20260102_223701.backup.html
backup_click_fix/about.html,True,32,5,1,1,False,False,8,True,backup_click_fix/about.autoPatch.20260102_223701.backup.html
backup_click_fix/bedtime-stories-about-kindness.html,True,32,5,1,1,False,False,8,True,backup_click_fix/bedtime-stories-about-kindness.autoPatch.20260102_223701.backup.html
backup_click_fix/childrens-poems-and-rhymes.html,True,32,5,1,1,False,False,7,True,backup_click_fix/childrens-poems-and-rhymes.autoPatch.20260102_223701.backup.html
backup_click_fix/childrens-stories-about-anger.html,True,32,5,1,1,False,False,7,True,backup_click_fix/childrens-stories-about-anger.autoPatch.20260102_223701.backup.html
backup_click_fix/childrens-stories-about-disgust.html,True,32,5,1,1,False,False,7,True,backup_click_fix/childrens-stories-about-disgust.autoPatch.20260102_223701.backup.html
backup_click_fix/childrens-stories-about-fear.html,True,32,5,1,1,False,False,7,True,backup_click_fix/childrens-stories-about-fear.autoPatch.20260102_223701.backup.html
backup_click_fix/childrens-stories-about-happiness.html,True,32,5,1,1,False,False,7,True,backup_click_fix/childrens-stories-about-happiness.autoPatch.20260102_223701.backup.html
backup_click_fix/childrens-stories-about-sadness.html,True,32,5,1,1,False,False,7,True,backup_click_fix/childrens-stories-about-sadness.autoPatch.20260102_223701.backup.html
backup_click_fix/childrens-stories-about-surprise.html,True,32,5,1,1,False,False,7,True,backup_click_fix/childrens-stories-about-surprise.autoPatch.20260102_223701.backup.html
backup_click_fix/childrens-stories-ages-0-3.html,True,32,5,1,1,False,False,7,True,backup_click_fix/childrens-stories-ages-0-3.autoPatch.20260102_223701.backup.html
backup_click_fix/childrens-stories-ages-4-6.html,True,32,5,1,1,False,False,7,True,backup_click_fix/childrens-stories-ages-4-6.autoPatch.20260102_223701.backup.html
backup_click_fix/childrens-stories-ages-7-12.html,True,32,5,1,1,False,False,7,True,backup_click_fix/childrens-stories-ages-7-12.autoPatch.20260102_223701.backup.html
backup_click_fix/educational-bedtime-stories.html,True,32,5,1,1,False,False,8,True,backup_click_fix/educational-bedtime-stories.autoPatch.20260102_223701.backup.html
backup_click_fix/emma-and-the-surprise-party.html,True,32,5,1,1,False,False,8,True,backup_click_fix/emma-and-the-surprise-party.autoPatch.20260102_223701.backup.html
backup_click_fix/faq(1).html,True,32,5,1,1,False,False,8,True,backup_click_fix/faq(1).autoPatch.20260102_223701.backup.html
backup_click_fix/faq2.html,True,32,5,1,1,False,False,8,True,backup_click_fix/faq2.autoPatch.20260102_223701.backup.html
backup_click_fix/free-bedtime-stories-for-kids.html,True,32,5,1,1,False,False,8,True,backup_click_fix/free-bedtime-stories-for-kids.autoPatch.20260102_223701.backup.html
backup_click_fix/kids-stories-about-feelings.html,True,32,5,1,1,False,False,8,True,backup_click_fix/kids-stories-about-feelings.autoPatch.20260102_223701.backup.html
backup_click_fix/lily-and-the-blue-balloon.html,True,32,5,1,1,False,False,8,True,backup_click_fix/lily-and-the-blue-balloon.autoPatch.20260102_223701.backup.html
backup_click_fix/milo-the-mouse.html,True,32,5,1,1,False,False,8,True,backup_click_fix/milo-the-mouse.autoPatch.20260102_223701.backup.html
backup_click_fix/moral-stories-for-kids.html,True,32,5,1,1,False,False,8,True,backup_click_fix/moral-stories-for-kids.autoPatch.20260102_223701.backup.html
backup_click_fix/owl-in-the-dark-forest.html,True,32,5,1,1,False,False,8,True,backup_click_fix/owl-in-the-dark-forest.autoPatch.20260102_223701.backup.html
backup_click_fix/read-aloud-stories-for-children.html,True,32,5,1,1,False,False,8,True,backup_click_fix/read-aloud-stories-for-children.autoPatch.20260102_223701.backup.html
backup_click_fix/short-bedtime-stories-for-kids.html,True,32,5,1,1,False,False,8,True,backup_click_fix/short-bedtime-stories-for-kids.autoPatch.20260102_223701.backup.html
backup_click_fix/stars-in-my-window.html,True,32,5,1,1,False,False,8,True,backup_click_fix/stars-in-my-window.autoPatch.20260102_223701.backup.html
backup_click_fix/story_bell_blank_norotate.html,True,32,5,1,1,False,False,8,True,backup_click_fix/story_bell_blank_norotate.autoPatch.20260102_223701.backup.html
backup_click_fix/the-brave-little-duckling.html,True,32,5,1,1,False,False,8,True,backup_click_fix/the-brave-little-duckling.autoPatch.20260102_223701.backup.html
backup_click_fix/the-case-of-the-gross-green-socks.html,True,32,5,1,1,False,False,8,True,backup_click_fix/the-case-of-the-gross-green-socks.autoPatch.20260102_223701.backup.html
backup_click_fix/the-lonely-leaf.html,True,32,5,1,1,False,False,8,True,backup_click_fix/the-lonely-leaf.autoPatch.20260102_223701.backup.html
backup_click_fix/the-secret-in-the-library.html,True,32,5,1,1,False,False,8,True,backup_click_fix/the-secret-in-the-library.autoPatch.20260102_223701.backup.html
backup_click_fix/the-tiniest-rainbow.html,True,32,5,1,1,False,False,8,True,backup_click_fix/the-tiniest-rainbow.autoPatch.20260102_223701.backup.html
backup_click_fix/under_construction.html,True,32,5,1,1,False,False,8,True,backup_click_fix/under_construction.autoPatch.20260102_223701.backup.html
backup_fix_queue_duplicates/10-minute-childrens-stories.html,True,32,5,1,1,False,False,7,True,backup_fix_queue_duplicates/10-minute-childrens-stories.autoPatch.20260102_223701.backup.html
backup_fix_queue_duplicates/5-minute-bedtime-stories.html,True,32,5,1,1,False,False,8,True,backup_fix_queue_duplicates/5-minute-bedtime-stories.autoPatch.20260102_223701.backup.html
backup_fix_queue_duplicates/5-minute-childrens-stories.html,True,32,5,1,1,False,False,7,True,backup_fix_queue_duplicates/5-minute-childrens-stories.autoPatch.20260102_223701.backup.html
backup_fix_queue_duplicates/BlanK_HTML.html,True,32,5,1,1,False,False,8,True,backup_fix_queue_duplicates/BlanK_HTML.autoPatch.20260102_223701.backup.html
backup_fix_queue_duplicates/FAQ.html,True,32,5,1,1,False,False,8,True,backup_fix_queue_duplicates/FAQ.autoPatch.20260102_223701.backup.html
backup_fix_queue_duplicates/about.html,True,32,5,1,1,False,False,8,True,backup_fix_queue_duplicates/about.autoPatch.20260102_223701.backup.html
backup_fix_queue_duplicates/bedtime-stories-about-kindness.html,True,32,5,1,1,False,False,8,True,backup_fix_queue_duplicates/bedtime-stories-about-kindness.autoPatch.20260102_223701.backup.html
backup_fix_queue_duplicates/childrens-poems-and-rhymes.html,True,32,5,1,1,False,False,7,True,backup_fix_queue_duplicates/childrens-poems-and-rhymes.autoPatch.20260102_223701.backup.html
backup_fix_queue_duplicates/childrens-stories-about-anger.html,True,32,5,1,1,False,False,7,True,backup_fix_queue_duplicates/childrens-stories-about-anger.autoPatch.20260102_223701.backup.html
backup_fix_queue_duplicates/childrens-stories-about-disgust.html,True,32,5,1,1,False,False,7,True,backup_fix_queue_duplicates/childrens-stories-about-disgust.autoPatch.20260102_223701.backup.html
backup_fix_queue_duplicates/childrens-stories-about-fear.html,True,32,5,1,1,False,False,7,True,backup_fix_queue_duplicates/childrens-stories-about-fear.autoPatch.20260102_223701.backup.html
backup_fix_queue_duplicates/childrens-stories-about-happiness.html,True,32,5,1,1,False,False,7,True,backup_fix_queue_duplicates/childrens-stories-about-happiness.autoPatch.20260102_223701.backup.html
backup_fix_queue_duplicates/childrens-stories-about-sadness.html,True,32,5,1,1,False,False,7,True,backup_fix_queue_duplicates/childrens-stories-about-sadness.autoPatch.20260102_223701.backup.html
backup_fix_queue_duplicates/childrens-stories-about-surprise.html,True,32,5,1,1,False,False,7,True,backup_fix_queue_duplicates/childrens-stories-about-surprise.autoPatch.20260102_223701.backup.html
backup_fix_queue_duplicates/childrens-stories-ages-0-3.html,True,32,5,1,1,False,False,7,True,backup_fix_queue_duplicates/childrens-stories-ages-0-3.autoPatch.20260102_223701.backup.html
backup_fix_queue_duplicates/childrens-stories-ages-4-6.html,True,32,5,1,1,False,False,7,True,backup_fix_queue_duplicates/childrens-stories-ages-4-6.autoPatch.20260102_223701.backup.html
backup_fix_queue_duplicates/childrens-stories-ages-7-12.html,True,32,5,1,1,False,False,7,True,backup_fix_queue_duplicates/childrens-stories-ages-7-12.autoPatch.20260102_223701.backup.html
backup_fix_queue_duplicates/educational-bedtime-stories.html,True,32,5,1,1,False,False,8,True,backup_fix_queue_duplicates/educational-bedtime-stories.autoPatch.20260102_223701.backup.html
backup_fix_queue_duplicates/emma-and-the-surprise-party.html,True,32,5,1,1,False,False,8,True,backup_fix_queue_duplicates/emma-and-the-surprise-party.autoPatch.20260102_223701.backup.html
backup_fix_queue_duplicates/faq(1).html,True,32,5,1,1,False,False,8,True,backup_fix_queue_duplicates/faq(1).autoPatch.20260102_223701.backup.html
backup_fix_queue_duplicates/faq2.html,True,32,5,1,1,False,False,8,True,backup_fix_queue_duplicates/faq2.autoPatch.20260102_223701.backup.html
backup_fix_queue_duplicates/free-bedtime-stories-for-kids.html,True,32,5,1,1,False,False,8,True,backup_fix_queue_duplicates/free-bedtime-stories-for-kids.autoPatch.20260102_223701.backup.html
backup_fix_queue_duplicates/kids-stories-about-feelings.html,True,32,5,1,1,False,False,8,True,backup_fix_queue_duplicates/kids-stories-about-feelings.autoPatch.20260102_223701.backup.html
backup_fix_queue_duplicates/lily-and-the-blue-balloon.html,True,32,5,1,1,False,False,8,True,backup_fix_queue_duplicates/lily-and-the-blue-balloon.autoPatch.20260102_223701.backup.html
backup_fix_queue_duplicates/milo-the-mouse.html,True,32,5,1,1,False,False,8,True,backup_fix_queue_duplicates/milo-the-mouse.autoPatch.20260102_223701.backup.html
backup_fix_queue_duplicates/moral-stories-for-kids.html,True,32,5,1,1,False,False,8,True,backup_fix_queue_duplicates/moral-stories-for-kids.autoPatch.20260102_223701.backup.html
backup_fix_queue_duplicates/owl-in-the-dark-forest.html,True,32,5,1,1,False,False,8,True,backup_fix_queue_duplicates/owl-in-the-dark-forest.autoPatch.20260102_223701.backup.html
backup_fix_queue_duplicates/read-aloud-stories-for-children.html,True,32,5,1,1,False,False,8,True,backup_fix_queue_duplicates/read-aloud-stories-for-children.autoPatch.20260102_223701.backup.html
backup_fix_queue_duplicates/short-bedtime-stories-for-kids.html,True,32,5,1,1,False,False,8,True,backup_fix_queue_duplicates/short-bedtime-stories-for-kids.autoPatch.20260102_223701.backup.html
backup_fix_queue_duplicates/stars-in-my-window.html,True,32,5,1,1,False,False,8,True,backup_fix_queue_duplicates/stars-in-my-window.autoPatch.20260102_223701.backup.html
backup_fix_queue_duplicates/story_bell_blank_norotate.html,True,32,5,1,1,False,False,8,True,backup_fix_queue_duplicates/story_bell_blank_norotate.autoPatch.20260102_223701.backup.html
backup_fix_queue_duplicates/the-brave-little-duckling.html,True,32,5,1,1,False,False,8,True,backup_fix_queue_duplicates/the-brave-little-duckling.autoPatch.20260102_223701.backup.html
backup_fix_queue_duplicates/the-case-of-the-gross-green-socks.html,True,32,5,1,1,False,False,8,True,backup_fix_queue_duplicates/the-case-of-the-gross-green-socks.autoPatch.20260102_223701.backup.html
backup_fix_queue_duplicates/the-lonely-leaf.html,True,32,5,1,1,False,False,8,True,backup_fix_queue_duplicates/the-lonely-leaf.autoPatch.20260102_223701.backup.html
backup_fix_queue_duplicates/the-secret-in-the-library.html,True,32,5,1,1,False,False,8,True,backup_fix_queue_duplicates/the-secret-in-the-library.autoPatch.20260102_223701.backup.html
backup_fix_queue_duplicates/the-tiniest-rainbow.html,True,32,5,1,1,False,False,8,True,backup_fix_queue_duplicates/the-tiniest-rainbow.autoPatch.20260102_223701.backup.html
backup_fix_queue_duplicates/under_construction.html,True,32,5,1,1,False,False,8,True,backup_fix_queue_duplicates/under_construction.autoPatch.20260102_223701.backup.html
backup_gif_booster/10-minute-childrens-stories.html,True,32,5,1,1,False,False,7,True,backup_gif_booster/10-minute-childrens-stories.autoPatch.20260102_223701.backup.html
backup_gif_booster/5-minute-bedtime-stories.html,True,32,5,1,1,False,False,8,True,backup_gif_booster/5-minute-bedtime-stories.autoPatch.20260102_223701.backup.html
backup_gif_booster/5-minute-childrens-stories.html,True,32,5,1,1,False,False,7,True,backup_gif_booster/5-minute-childrens-stories.autoPatch.20260102_223701.backup.html
backup_gif_booster/BlanK_HTML.html,True,32,5,1,1,False,False,8,True,backup_gif_booster/BlanK_HTML.autoPatch.20260102_223701.backup.html
backup_gif_booster/FAQ.html,True,32,5,1,1,False,False,8,True,backup_gif_booster/FAQ.autoPatch.20260102_223701.backup.html
backup_gif_booster/about.html,True,32,5,1,1,False,False,8,True,backup_gif_booster/about.autoPatch.20260102_223701.backup.html
backup_gif_booster/bedtime-stories-about-kindness.html,True,32,5,1,1,False,False,8,True,backup_gif_booster/bedtime-stories-about-kindness.autoPatch.20260102_223701.backup.html
backup_gif_booster/childrens-poems-and-rhymes.html,True,32,5,1,1,False,False,7,True,backup_gif_booster/childrens-poems-and-rhymes.autoPatch.20260102_223701.backup.html
backup_gif_booster/childrens-stories-about-anger.html,True,32,5,1,1,False,False,7,True,backup_gif_booster/childrens-stories-about-anger.autoPatch.20260102_223701.backup.html
backup_gif_booster/childrens-stories-about-disgust.html,True,32,5,1,1,False,False,7,True,backup_gif_booster/childrens-stories-about-disgust.autoPatch.20260102_223701.backup.html
backup_gif_booster/childrens-stories-about-fear.html,True,32,5,1,1,False,False,7,True,backup_gif_booster/childrens-stories-about-fear.autoPatch.20260102_223701.backup.html
backup_gif_booster/childrens-stories-about-happiness.html,True,32,5,1,1,False,False,7,True,backup_gif_booster/childrens-stories-about-happiness.autoPatch.20260102_223701.backup.html
backup_gif_booster/childrens-stories-about-sadness.html,True,32,5,1,1,False,False,7,True,backup_gif_booster/childrens-stories-about-sadness.autoPatch.20260102_223701.backup.html
backup_gif_booster/childrens-stories-about-surprise.html,True,32,5,1,1,False,False,7,True,backup_gif_booster/childrens-stories-about-surprise.autoPatch.20260102_223701.backup.html
backup_gif_booster/childrens-stories-ages-0-3.html,True,32,5,1,1,False,False,7,True,backup_gif_booster/childrens-stories-ages-0-3.autoPatch.20260102_223701.backup.html
backup_gif_booster/childrens-stories-ages-4-6.html,True,32,5,1,1,False,False,7,True,backup_gif_booster/childrens-stories-ages-4-6.autoPatch.20260102_223701.backup.html
backup_gif_booster/childrens-stories-ages-7-12.html,True,32,5,1,1,False,False,7,True,backup_gif_booster/childrens-stories-ages-7-12.autoPatch.20260102_223701.backup.html
backup_gif_booster/educational-bedtime-stories.html,True,32,5,1,1,False,False,8,True,backup_gif_booster/educational-bedtime-stories.autoPatch.20260102_223701.backup.html
backup_gif_booster/emma-and-the-surprise-party.html,True,32,5,1,1,False,False,8,True,backup_gif_booster/emma-and-the-surprise-party.autoPatch.20260102_223701.backup.html
backup_gif_booster/faq(1).html,True,32,5,1,1,False,False,8,True,backup_gif_booster/faq(1).autoPatch.20260102_223701.backup.html
backup_gif_booster/faq2.html,True,32,5,1,1,False,False,8,True,backup_gif_booster/faq2.autoPatch.20260102_223701.backup.html
backup_gif_booster/free-bedtime-stories-for-kids.html,True,32,5,1,1,False,False,8,True,backup_gif_booster/free-bedtime-stories-for-kids.autoPatch.20260102_223701.backup.html
backup_gif_booster/kids-stories-about-feelings.html,True,32,5,1,1,False,False,8,True,backup_gif_booster/kids-stories-about-feelings.autoPatch.20260102_223701.backup.html
backup_gif_booster/lily-and-the-blue-balloon.html,True,32,5,1,1,False,False,8,True,backup_gif_booster/lily-and-the-blue-balloon.autoPatch.20260102_223701.backup.html
backup_gif_booster/milo-the-mouse.html,True,32,5,1,1,False,False,8,True,backup_gif_booster/milo-the-mouse.autoPatch.20260102_223701.backup.html
backup_gif_booster/moral-stories-for-kids.html,True,32,5,1,1,False,False,8,True,backup_gif_booster/moral-stories-for-kids.autoPatch.20260102_223701.backup.html
backup_gif_booster/owl-in-the-dark-forest.html,True,32,5,1,1,False,False,8,True,backup_gif_booster/owl-in-the-dark-forest.autoPatch.20260102_223701.backup.html
backup_gif_booster/read-aloud-stories-for-children.html,True,32,5,1,1,False,False,8,True,backup_gif_booster/read-aloud-stories-for-children.autoPatch.20260102_223701.backup.html
backup_gif_booster/short-bedtime-stories-for-kids.html,True,32,5,1,1,False,False,8,True,backup_gif_booster/short-bedtime-stories-for-kids.autoPatch.20260102_223701.backup.html
backup_gif_booster/stars-in-my-window.html,True,32,5,1,1,False,False,8,True,backup_gif_booster/stars-in-my-window.autoPatch.20260102_223701.backup.html
backup_gif_booster/story_bell_blank_norotate.html,True,32,5,1,1,False,False,8,True,backup_gif_booster/story_bell_blank_norotate.autoPatch.20260102_223701.backup.html
backup_gif_booster/the-brave-little-duckling.html,True,32,5,1,1,False,False,8,True,backup_gif_booster/the-brave-little-duckling.autoPatch.20260102_223701.backup.html
backup_gif_booster/the-case-of-the-gross-green-socks.html,True,32,5,1,1,False,False,8,True,backup_gif_booster/the-case-of-the-gross-green-socks.autoPatch.20260102_223701.backup.html
backup_gif_booster/the-lonely-leaf.html,True,32,5,1,1,False,False,8,True,backup_gif_booster/the-lonely-leaf.autoPatch.20260102_223701.backup.html
backup_gif_booster/the-secret-in-the-library.html,True,32,5,1,1,False,False,8,True,backup_gif_booster/the-secret-in-the-library.autoPatch.20260102_223701.backup.html
backup_gif_booster/the-tiniest-rainbow.html,True,32,5,1,1,False,False,8,True,backup_gif_booster/the-tiniest-rainbow.autoPatch.20260102_223701.backup.html
backup_gif_booster/under_construction.html,True,32,5,1,1,False,False,8,True,backup_gif_booster/under_construction.autoPatch.20260102_223701.backup.html
backup_gif_fix/10-minute-childrens-stories.html,True,32,5,1,1,False,False,7,True,backup_gif_fix/10-minute-childrens-stories.autoPatch.20260102_223701.backup.html
backup_gif_fix/5-minute-bedtime-stories.html,True,32,5,1,1,False,False,8,True,backup_gif_fix/5-minute-bedtime-stories.autoPatch.20260102_223701.backup.html
backup_gif_fix/5-minute-childrens-stories.html,True,32,5,1,1,False,False,7,True,backup_gif_fix/5-minute-childrens-stories.autoPatch.20260102_223701.backup.html
backup_gif_fix/BlanK_HTML.html,True,32,5,1,1,False,False,8,True,backup_gif_fix/BlanK_HTML.autoPatch.20260102_223701.backup.html
backup_gif_fix/FAQ.html,True,32,5,1,1,False,False,8,True,backup_gif_fix/FAQ.autoPatch.20260102_223701.backup.html
backup_gif_fix/about.html,True,32,5,1,1,False,False,8,True,backup_gif_fix/about.autoPatch.20260102_223701.backup.html
backup_gif_fix/bedtime-stories-about-kindness.html,True,32,5,1,1,False,False,8,True,backup_gif_fix/bedtime-stories-about-kindness.autoPatch.20260102_223701.backup.html
backup_gif_fix/childrens-poems-and-rhymes.html,True,32,5,1,1,False,False,7,True,backup_gif_fix/childrens-poems-and-rhymes.autoPatch.20260102_223701.backup.html
backup_gif_fix/childrens-stories-about-anger.html,True,32,5,1,1,False,False,7,True,backup_gif_fix/childrens-stories-about-anger.autoPatch.20260102_223701.backup.html
backup_gif_fix/childrens-stories-about-disgust.html,True,32,5,1,1,False,False,7,True,backup_gif_fix/childrens-stories-about-disgust.autoPatch.20260102_223701.backup.html
backup_gif_fix/childrens-stories-about-fear.html,True,32,5,1,1,False,False,7,True,backup_gif_fix/childrens-stories-about-fear.autoPatch.20260102_223701.backup.html
backup_gif_fix/childrens-stories-about-happiness.html,True,32,5,1,1,False,False,7,True,backup_gif_fix/childrens-stories-about-happiness.autoPatch.20260102_223701.backup.html
backup_gif_fix/childrens-stories-about-sadness.html,True,32,5,1,1,False,False,7,True,backup_gif_fix/childrens-stories-about-sadness.autoPatch.20260102_223701.backup.html
backup_gif_fix/childrens-stories-about-surprise.html,True,32,5,1,1,False,False,7,True,backup_gif_fix/childrens-stories-about-surprise.autoPatch.20260102_223701.backup.html
backup_gif_fix/childrens-stories-ages-0-3.html,True,32,5,1,1,False,False,7,True,backup_gif_fix/childrens-stories-ages-0-3.autoPatch.20260102_223701.backup.html
backup_gif_fix/childrens-stories-ages-4-6.html,True,32,5,1,1,False,False,7,True,backup_gif_fix/childrens-stories-ages-4-6.autoPatch.20260102_223701.backup.html
backup_gif_fix/childrens-stories-ages-7-12.html,True,32,5,1,1,False,False,7,True,backup_gif_fix/childrens-stories-ages-7-12.autoPatch.20260102_223701.backup.html
backup_gif_fix/educational-bedtime-stories.html,True,32,5,1,1,False,False,8,True,backup_gif_fix/educational-bedtime-stories.autoPatch.20260102_223701.backup.html
backup_gif_fix/emma-and-the-surprise-party.html,True,32,5,1,1,False,False,8,True,backup_gif_fix/emma-and-the-surprise-party.autoPatch.20260102_223701.backup.html
backup_gif_fix/faq(1).html,True,32,5,1,1,False,False,8,True,backup_gif_fix/faq(1).autoPatch.20260102_223701.backup.html
backup_gif_fix/faq2.html,True,32,5,1,1,False,False,8,True,backup_gif_fix/faq2.autoPatch.20260102_223701.backup.html
backup_gif_fix/free-bedtime-stories-for-kids.html,True,32,5,1,1,False,False,8,True,backup_gif_fix/free-bedtime-stories-for-kids.autoPatch.20260102_223701.backup.html
backup_gif_fix/kids-stories-about-feelings.html,True,32,5,1,1,False,False,8,True,backup_gif_fix/kids-stories-about-feelings.autoPatch.20260102_223701.backup.html
backup_gif_fix/lily-and-the-blue-balloon.html,True,32,5,1,1,False,False,8,True,backup_gif_fix/lily-and-the-blue-balloon.autoPatch.20260102_223701.backup.html
backup_gif_fix/milo-the-mouse.html,True,32,5,1,1,False,False,8,True,backup_gif_fix/milo-the-mouse.autoPatch.20260102_223701.backup.html
backup_gif_fix/moral-stories-for-kids.html,True,32,5,1,1,False,False,8,True,backup_gif_fix/moral-stories-for-kids.autoPatch.20260102_223701.backup.html
backup_gif_fix/owl-in-the-dark-forest.html,True,32,5,1,1,False,False,8,True,backup_gif_fix/owl-in-the-dark-forest.autoPatch.20260102_223701.backup.html
backup_gif_fix/read-aloud-stories-for-children.html,True,32,5,1,1,False,False,8,True,backup_gif_fix/read-aloud-stories-for-children.autoPatch.20260102_223701.backup.html
backup_gif_fix/short-bedtime-stories-for-kids.html,True,32,5,1,1,False,False,8,True,backup_gif_fix/short-bedtime-stories-for-kids.autoPatch.20260102_223701.backup.html
backup_gif_fix/stars-in-my-window.html,True,32,5,1,1,False,False,8,True,backup_gif_fix/stars-in-my-window.autoPatch.20260102_223701.backup.html
backup_gif_fix/story_bell_blank_norotate.html,True,32,5,1,1,False,False,8,True,backup_gif_fix/story_bell_blank_norotate.autoPatch.20260102_223701.backup.html
backup_gif_fix/the-brave-little-duckling.html,True,32,5,1,1,False,False,8,True,backup_gif_fix/the-brave-little-duckling.autoPatch.20260102_223701.backup.html
backup_gif_fix/the-case-of-the-gross-green-socks.html,True,32,5,1,1,False,False,8,True,backup_gif_fix/the-case-of-the-gross-green-socks.autoPatch.20260102_223701.backup.html
backup_gif_fix/the-lonely-leaf.html,True,32,5,1,1,False,False,8,True,backup_gif_fix/the-lonely-leaf.autoPatch.20260102_223701.backup.html
backup_gif_fix/the-secret-in-the-library.html,True,32,5,1,1,False,False,8,True,backup_gif_fix/the-secret-in-the-library.autoPatch.20260102_223701.backup.html
backup_gif_fix/the-tiniest-rainbow.html,True,32,5,1,1,False,False,8,True,backup_gif_fix/the-tiniest-rainbow.autoPatch.20260102_223701.backup.html
backup_gif_fix/under_construction.html,True,32,5,1,1,False,False,8,True,backup_gif_fix/under_construction.autoPatch.20260102_223701.backup.html
backup_menu_inline_display_fix/10-minute-childrens-stories.html,True,32,5,1,1,False,False,7,True,backup_menu_inline_display_fix/10-minute-childrens-stories.autoPatch.20260102_223701.backup.html
backup_menu_inline_display_fix/5-minute-bedtime-stories.html,True,32,5,1,1,False,False,8,True,backup_menu_inline_display_fix/5-minute-bedtime-stories.autoPatch.20260102_223701.backup.html
backup_menu_inline_display_fix/5-minute-childrens-stories.html,True,32,5,1,1,False,False,7,True,backup_menu_inline_display_fix/5-minute-childrens-stories.autoPatch.20260102_223701.backup.html
backup_menu_inline_display_fix/BlanK_HTML.html,True,32,5,1,1,False,False,8,True,backup_menu_inline_display_fix/BlanK_HTML.autoPatch.20260102_223701.backup.html
backup_menu_inline_display_fix/FAQ.html,True,32,5,1,1,False,False,8,True,backup_menu_inline_display_fix/FAQ.autoPatch.20260102_223701.backup.html
backup_menu_inline_display_fix/about.html,True,32,5,1,1,False,False,8,True,backup_menu_inline_display_fix/about.autoPatch.20260102_223701.backup.html
backup_menu_inline_display_fix/bedtime-stories-about-kindness.html,True,32,5,1,1,False,False,8,True,backup_menu_inline_display_fix/bedtime-stories-about-kindness.autoPatch.20260102_223701.backup.html
backup_menu_inline_display_fix/childrens-poems-and-rhymes.html,True,32,5,1,1,False,False,7,True,backup_menu_inline_display_fix/childrens-poems-and-rhymes.autoPatch.20260102_223701.backup.html
backup_menu_inline_display_fix/childrens-stories-about-anger.html,True,32,5,1,1,False,False,7,True,backup_menu_inline_display_fix/childrens-stories-about-anger.autoPatch.20260102_223701.backup.html
backup_menu_inline_display_fix/childrens-stories-about-disgust.html,True,32,5,1,1,False,False,7,True,backup_menu_inline_display_fix/childrens-stories-about-disgust.autoPatch.20260102_223701.backup.html
backup_menu_inline_display_fix/childrens-stories-about-fear.html,True,32,5,1,1,False,False,7,True,backup_menu_inline_display_fix/childrens-stories-about-fear.autoPatch.20260102_223701.backup.html
backup_menu_inline_display_fix/childrens-stories-about-happiness.html,True,32,5,1,1,False,False,7,True,backup_menu_inline_display_fix/childrens-stories-about-happiness.autoPatch.20260102_223701.backup.html
backup_menu_inline_display_fix/childrens-stories-about-sadness.html,True,32,5,1,1,False,False,7,True,backup_menu_inline_display_fix/childrens-stories-about-sadness.autoPatch.20260102_223701.backup.html
backup_menu_inline_display_fix/childrens-stories-about-surprise.html,True,32,5,1,1,False,False,7,True,backup_menu_inline_display_fix/childrens-stories-about-surprise.autoPatch.20260102_223701.backup.html
backup_menu_inline_display_fix/childrens-stories-ages-0-3.html,True,32,5,1,1,False,False,7,True,backup_menu_inline_display_fix/childrens-stories-ages-0-3.autoPatch.20260102_223701.backup.html
backup_menu_inline_display_fix/childrens-stories-ages-4-6.html,True,32,5,1,1,False,False,7,True,backup_menu_inline_display_fix/childrens-stories-ages-4-6.autoPatch.20260102_223701.backup.html
backup_menu_inline_display_fix/childrens-stories-ages-7-12.html,True,32,5,1,1,False,False,7,True,backup_menu_inline_display_fix/childrens-stories-ages-7-12.autoPatch.20260102_223701.backup.html
backup_menu_inline_display_fix/educational-bedtime-stories.html,True,32,5,1,1,False,False,8,True,backup_menu_inline_display_fix/educational-bedtime-stories.autoPatch.20260102_223701.backup.html
backup_menu_inline_display_fix/emma-and-the-surprise-party.html,True,32,5,1,1,False,False,8,True,backup_menu_inline_display_fix/emma-and-the-surprise-party.autoPatch.20260102_223701.backup.html
backup_menu_inline_display_fix/faq(1).html,True,32,5,1,1,False,False,8,True,backup_menu_inline_display_fix/faq(1).autoPatch.20260102_223701.backup.html
backup_menu_inline_display_fix/faq2.html,True,32,5,1,1,False,False,8,True,backup_menu_inline_display_fix/faq2.autoPatch.20260102_223701.backup.html
backup_menu_inline_display_fix/free-bedtime-stories-for-kids.html,True,32,5,1,1,False,False,8,True,backup_menu_inline_display_fix/free-bedtime-stories-for-kids.autoPatch.20260102_223701.backup.html
backup_menu_inline_display_fix/kids-stories-about-feelings.html,True,32,5,1,1,False,False,8,True,backup_menu_inline_display_fix/kids-stories-about-feelings.autoPatch.20260102_223701.backup.html
backup_menu_inline_display_fix/lily-and-the-blue-balloon.html,True,32,5,1,1,False,False,8,True,backup_menu_inline_display_fix/lily-and-the-blue-balloon.autoPatch.20260102_223701.backup.html
backup_menu_inline_display_fix/milo-the-mouse.html,True,32,5,1,1,False,False,8,True,backup_menu_inline_display_fix/milo-the-mouse.autoPatch.20260102_223701.backup.html
backup_menu_inline_display_fix/moral-stories-for-kids.html,True,32,5,1,1,False,False,8,True,backup_menu_inline_display_fix/moral-stories-for-kids.autoPatch.20260102_223701.backup.html
backup_menu_inline_display_fix/owl-in-the-dark-forest.html,True,32,5,1,1,False,False,8,True,backup_menu_inline_display_fix/owl-in-the-dark-forest.autoPatch.20260102_223701.backup.html
backup_menu_inline_display_fix/read-aloud-stories-for-children.html,True,32,5,1,1,False,False,8,True,backup_menu_inline_display_fix/read-aloud-stories-for-children.autoPatch.20260102_223701.backup.html
backup_menu_inline_display_fix/short-bedtime-stories-for-kids.html,True,32,5,1,1,False,False,8,True,backup_menu_inline_display_fix/short-bedtime-stories-for-kids.autoPatch.20260102_223701.backup.html
backup_menu_inline_display_fix/stars-in-my-window.html,True,32,5,1,1,False,False,8,True,backup_menu_inline_display_fix/stars-in-my-window.autoPatch.20260102_223701.backup.html
backup_menu_inline_display_fix/story_bell_blank_norotate.html,True,32,5,1,1,False,False,8,True,backup_menu_inline_display_fix/story_bell_blank_norotate.autoPatch.20260102_223701.backup.html
backup_menu_inline_display_fix/the-brave-little-duckling.html,True,32,5,1,1,False,False,8,True,backup_menu_inline_display_fix/the-brave-little-duckling.autoPatch.20260102_223701.backup.html
backup_menu_inline_display_fix/the-case-of-the-gross-green-socks.html,True,32,5,1,1,False,False,8,True,backup_menu_inline_display_fix/the-case-of-the-gross-green-socks.autoPatch.20260102_223701.backup.html
backup_menu_inline_display_fix/the-lonely-leaf.html,True,32,5,1,1,False,False,8,True,backup_menu_inline_display_fix/the-lonely-leaf.autoPatch.20260102_223701.backup.html
backup_menu_inline_display_fix/the-secret-in-the-library.html,True,32,5,1,1,False,False,8,True,backup_menu_inline_display_fix/the-secret-in-the-library.autoPatch.20260102_223701.backup.html
backup_menu_inline_display_fix/the-tiniest-rainbow.html,True,32,5,1,1,False,False,8,True,backup_menu_inline_display_fix/the-tiniest-rainbow.autoPatch.20260102_223701.backup.html
backup_menu_inline_display_fix/under_construction.html,True,32,5,1,1,False,False,8,True,backup_menu_inline_display_fix/under_construction.autoPatch.20260102_223701.backup.html
backup_queue_fix/10-minute-childrens-stories.html,True,32,5,1,1,False,False,7,True,backup_queue_fix/10-minute-childrens-stories.autoPatch.20260102_223701.backup.html
backup_queue_fix/5-minute-bedtime-stories.html,True,32,5,1,1,False,False,8,True,backup_queue_fix/5-minute-bedtime-stories.autoPatch.20260102_223701.backup.html
backup_queue_fix/5-minute-childrens-stories.html,True,32,5,1,1,False,False,7,True,backup_queue_fix/5-minute-childrens-stories.autoPatch.20260102_223701.backup.html
backup_queue_fix/BlanK_HTML.html,True,32,5,1,1,False,False,8,True,backup_queue_fix/BlanK_HTML.autoPatch.20260102_223701.backup.html
backup_queue_fix/FAQ.html,True,32,5,1,1,False,False,8,True,backup_queue_fix/FAQ.autoPatch.20260102_223701.backup.html
backup_queue_fix/about.html,True,32,5,1,1,False,False,8,True,backup_queue_fix/about.autoPatch.20260102_223701.backup.html
backup_queue_fix/bedtime-stories-about-kindness.html,True,32,5,1,1,False,False,8,True,backup_queue_fix/bedtime-stories-about-kindness.autoPatch.20260102_223701.backup.html
backup_queue_fix/childrens-poems-and-rhymes.html,True,32,5,1,1,False,False,7,True,backup_queue_fix/childrens-poems-and-rhymes.autoPatch.20260102_223701.backup.html
backup_queue_fix/childrens-stories-about-anger.html,True,32,5,1,1,False,False,7,True,backup_queue_fix/childrens-stories-about-anger.autoPatch.20260102_223701.backup.html
backup_queue_fix/childrens-stories-about-disgust.html,True,32,5,1,1,False,False,7,True,backup_queue_fix/childrens-stories-about-disgust.autoPatch.20260102_223701.backup.html
backup_queue_fix/childrens-stories-about-fear.html,True,32,5,1,1,False,False,7,True,backup_queue_fix/childrens-stories-about-fear.autoPatch.20260102_223701.backup.html
backup_queue_fix/childrens-stories-about-happiness.html,True,32,5,1,1,False,False,7,True,backup_queue_fix/childrens-stories-about-happiness.autoPatch.20260102_223701.backup.html
backup_queue_fix/childrens-stories-about-sadness.html,True,32,5,1,1,False,False,7,True,backup_queue_fix/childrens-stories-about-sadness.autoPatch.20260102_223701.backup.html
backup_queue_fix/childrens-stories-about-surprise.html,True,32,5,1,1,False,False,7,True,backup_queue_fix/childrens-stories-about-surprise.autoPatch.20260102_223701.backup.html
backup_queue_fix/childrens-stories-ages-0-3.html,True,32,5,1,1,False,False,7,True,backup_queue_fix/childrens-stories-ages-0-3.autoPatch.20260102_223701.backup.html
backup_queue_fix/childrens-stories-ages-4-6.html,True,32,5,1,1,False,False,7,True,backup_queue_fix/childrens-stories-ages-4-6.autoPatch.20260102_223701.backup.html
backup_queue_fix/childrens-stories-ages-7-12.html,True,32,5,1,1,False,False,7,True,backup_queue_fix/childrens-stories-ages-7-12.autoPatch.20260102_223701.backup.html
backup_queue_fix/educational-bedtime-stories.html,True,32,5,1,1,False,False,8,True,backup_queue_fix/educational-bedtime-stories.autoPatch.20260102_223701.backup.html
backup_queue_fix/emma-and-the-surprise-party.html,True,32,5,1,1,False,False,8,True,backup_queue_fix/emma-and-the-surprise-party.autoPatch.20260102_223701.backup.html
backup_queue_fix/faq(1).html,True,32,5,1,1,False,False,8,True,backup_queue_fix/faq(1).autoPatch.20260102_223701.backup.html
backup_queue_fix/faq2.html,True,32,5,1,1,False,False,8,True,backup_queue_fix/faq2.autoPatch.20260102_223701.backup.html
backup_queue_fix/free-bedtime-stories-for-kids.html,True,32,5,1,1,False,False,8,True,backup_queue_fix/free-bedtime-stories-for-kids.autoPatch.20260102_223701.backup.html
backup_queue_fix/kids-stories-about-feelings.html,True,32,5,1,1,False,False,8,True,backup_queue_fix/kids-stories-about-feelings.autoPatch.20260102_223701.backup.html
backup_queue_fix/lily-and-the-blue-balloon.html,True,32,5,1,1,False,False,8,True,backup_queue_fix/lily-and-the-blue-balloon.autoPatch.20260102_223701.backup.html
backup_queue_fix/milo-the-mouse.html,True,32,5,1,1,False,False,8,True,backup_queue_fix/milo-the-mouse.autoPatch.20260102_223701.backup.html
backup_queue_fix/moral-stories-for-kids.html,True,32,5,1,1,False,False,8,True,backup_queue_fix/moral-stories-for-kids.autoPatch.20260102_223701.backup.html
backup_queue_fix/owl-in-the-dark-forest.html,True,32,5,1,1,False,False,8,True,backup_queue_fix/owl-in-the-dark-forest.autoPatch.20260102_223701.backup.html
backup_queue_fix/read-aloud-stories-for-children.html,True,32,5,1,1,False,False,8,True,backup_queue_fix/read-aloud-stories-for-children.autoPatch.20260102_223701.backup.html
backup_queue_fix/short-bedtime-stories-for-kids.html,True,32,5,1,1,False,False,8,True,backup_queue_fix/short-bedtime-stories-for-kids.autoPatch.20260102_223701.backup.html
backup_queue_fix/stars-in-my-window.html,True,32,5,1,1,False,False,8,True,backup_queue_fix/stars-in-my-window.autoPatch.20260102_223701.backup.html
backup_queue_fix/story_bell_blank_norotate.html,True,32,5,1,1,False,False,8,True,backup_queue_fix/story_bell_blank_norotate.autoPatch.20260102_223701.backup.html
backup_queue_fix/the-brave-little-duckling.html,True,32,5,1,1,False,False,8,True,backup_queue_fix/the-brave-little-duckling.autoPatch.20260102_223701.backup.html
backup_queue_fix/the-case-of-the-gross-green-socks.html,True,32,5,1,1,False,False,8,True,backup_queue_fix/the-case-of-the-gross-green-socks.autoPatch.20260102_223701.backup.html
backup_queue_fix/the-lonely-leaf.html,True,32,5,1,1,False,False,8,True,backup_queue_fix/the-lonely-leaf.autoPatch.20260102_223701.backup.html
backup_queue_fix/the-secret-in-the-library.html,True,32,5,1,1,False,False,8,True,backup_queue_fix/the-secret-in-the-library.autoPatch.20260102_223701.backup.html
backup_queue_fix/the-tiniest-rainbow.html,True,32,5,1,1,False,False,8,True,backup_queue_fix/the-tiniest-rainbow.autoPatch.20260102_223701.backup.html
backup_queue_fix/under_construction.html,True,32,5,1,1,False,False,8,True,backup_queue_fix/under_construction.autoPatch.20260102_223701.backup.html
backup_queue_mode/10-minute-childrens-stories.html,True,32,5,1,1,False,False,7,True,backup_queue_mode/10-minute-childrens-stories.autoPatch.20260102_223701.backup.html
backup_queue_mode/5-minute-bedtime-stories.html,True,32,5,1,1,False,False,8,True,backup_queue_mode/5-minute-bedtime-stories.autoPatch.20260102_223701.backup.html
backup_queue_mode/5-minute-childrens-stories.html,True,32,5,1,1,False,False,7,True,backup_queue_mode/5-minute-childrens-stories.autoPatch.20260102_223701.backup.html
backup_queue_mode/BlanK_HTML.html,True,32,5,1,1,False,False,8,True,backup_queue_mode/BlanK_HTML.autoPatch.20260102_223701.backup.html
backup_queue_mode/FAQ.html,True,32,5,1,1,False,False,8,True,backup_queue_mode/FAQ.autoPatch.20260102_223701.backup.html
backup_queue_mode/about.html,True,32,5,1,1,False,False,8,True,backup_queue_mode/about.autoPatch.20260102_223701.backup.html
backup_queue_mode/bedtime-stories-about-kindness.html,True,32,5,1,1,False,False,8,True,backup_queue_mode/bedtime-stories-about-kindness.autoPatch.20260102_223701.backup.html
backup_queue_mode/childrens-poems-and-rhymes.html,True,32,5,1,1,False,False,7,True,backup_queue_mode/childrens-poems-and-rhymes.autoPatch.20260102_223701.backup.html
backup_queue_mode/childrens-stories-about-anger.html,True,32,5,1,1,False,False,7,True,backup_queue_mode/childrens-stories-about-anger.autoPatch.20260102_223701.backup.html
backup_queue_mode/childrens-stories-about-disgust.html,True,32,5,1,1,False,False,7,True,backup_queue_mode/childrens-stories-about-disgust.autoPatch.20260102_223701.backup.html
backup_queue_mode/childrens-stories-about-fear.html,True,32,5,1,1,False,False,7,True,backup_queue_mode/childrens-stories-about-fear.autoPatch.20260102_223701.backup.html
backup_queue_mode/childrens-stories-about-happiness.html,True,32,5,1,1,False,False,7,True,backup_queue_mode/childrens-stories-about-happiness.autoPatch.20260102_223701.backup.html
backup_queue_mode/childrens-stories-about-sadness.html,True,32,5,1,1,False,False,7,True,backup_queue_mode/childrens-stories-about-sadness.autoPatch.20260102_223701.backup.html
backup_queue_mode/childrens-stories-about-surprise.html,True,32,5,1,1,False,False,7,True,backup_queue_mode/childrens-stories-about-surprise.autoPatch.20260102_223701.backup.html
backup_queue_mode/childrens-stories-ages-0-3.html,True,32,5,1,1,False,False,7,True,backup_queue_mode/childrens-stories-ages-0-3.autoPatch.20260102_223701.backup.html
backup_queue_mode/childrens-stories-ages-4-6.html,True,32,5,1,1,False,False,7,True,backup_queue_mode/childrens-stories-ages-4-6.autoPatch.20260102_223701.backup.html
backup_queue_mode/childrens-stories-ages-7-12.html,True,32,5,1,1,False,False,7,True,backup_queue_mode/childrens-stories-ages-7-12.autoPatch.20260102_223701.backup.html
backup_queue_mode/educational-bedtime-stories.html,True,32,5,1,1,False,False,8,True,backup_queue_mode/educational-bedtime-stories.autoPatch.20260102_223701.backup.html
backup_queue_mode/emma-and-the-surprise-party.html,True,32,5,1,1,False,False,8,True,backup_queue_mode/emma-and-the-surprise-party.autoPatch.20260102_223701.backup.html
backup_queue_mode/faq(1).html,True,32,5,1,1,False,False,8,True,backup_queue_mode/faq(1).autoPatch.20260102_223701.backup.html
backup_queue_mode/faq2.html,True,32,5,1,1,False,False,8,True,backup_queue_mode/faq2.autoPatch.20260102_223701.backup.html
backup_queue_mode/free-bedtime-stories-for-kids.html,True,32,5,1,1,False,False,8,True,backup_queue_mode/free-bedtime-stories-for-kids.autoPatch.20260102_223701.backup.html
backup_queue_mode/kids-stories-about-feelings.html,True,32,5,1,1,False,False,8,True,backup_queue_mode/kids-stories-about-feelings.autoPatch.20260102_223701.backup.html
backup_queue_mode/lily-and-the-blue-balloon.html,True,32,5,1,1,False,False,8,True,backup_queue_mode/lily-and-the-blue-balloon.autoPatch.20260102_223701.backup.html
backup_queue_mode/milo-the-mouse.html,True,32,5,1,1,False,False,8,True,backup_queue_mode/milo-the-mouse.autoPatch.20260102_223701.backup.html
backup_queue_mode/moral-stories-for-kids.html,True,32,5,1,1,False,False,8,True,backup_queue_mode/moral-stories-for-kids.autoPatch.20260102_223701.backup.html
backup_queue_mode/owl-in-the-dark-forest.html,True,32,5,1,1,False,False,8,True,backup_queue_mode/owl-in-the-dark-forest.autoPatch.20260102_223701.backup.html
backup_queue_mode/read-aloud-stories-for-children.html,True,32,5,1,1,False,False,8,True,backup_queue_mode/read-aloud-stories-for-children.autoPatch.20260102_223701.backup.html
backup_queue_mode/short-bedtime-stories-for-kids.html,True,32,5,1,1,False,False,8,True,backup_queue_mode/short-bedtime-stories-for-kids.autoPatch.20260102_223701.backup.html
backup_queue_mode/stars-in-my-window.html,True,32,5,1,1,False,False,8,True,backup_queue_mode/stars-in-my-window.autoPatch.20260102_223701.backup.html
backup_queue_mode/story_bell_blank_norotate.html,True,32,5,1,1,False,False,8,True,backup_queue_mode/story_bell_blank_norotate.autoPatch.20260102_223701.backup.html
backup_queue_mode/the-brave-little-duckling.html,True,32,5,1,1,False,False,8,True,backup_queue_mode/the-brave-little-duckling.autoPatch.20260102_223701.backup.html
backup_queue_mode/the-case-of-the-gross-green-socks.html,True,32,5,1,1,False,False,8,True,backup_queue_mode/the-case-of-the-gross-green-socks.autoPatch.20260102_223701.backup.html
backup_queue_mode/the-lonely-leaf.html,True,32,5,1,1,False,False,8,True,backup_queue_mode/the-lonely-leaf.autoPatch.20260102_223701.backup.html
backup_queue_mode/the-secret-in-the-library.html,True,32,5,1,1,False,False,8,True,backup_queue_mode/the-secret-in-the-library.autoPatch.20260102_223701.backup.html
backup_queue_mode/the-tiniest-rainbow.html,True,32,5,1,1,False,False,8,True,backup_queue_mode/the-tiniest-rainbow.autoPatch.20260102_223701.backup.html
backup_queue_mode/under_construction.html,True,32,5,1,1,False,False,8,True,backup_queue_mode/under_construction.autoPatch.20260102_223701.backup.html
bedtime-stories-about-kindness.html,True,32,5,0,1,False,False,8,True,bedtime-stories-about-kindness.autoPatch.20260102_223701.backup.html
childrens-poems-and-rhymes.html,True,32,5,0,1,False,False,7,True,childrens-poems-and-rhymes.autoPatch.20260102_223701.backup.html
childrens-stories-about-anger.html,True,32,5,0,1,False,False,7,True,childrens-stories-about-anger.autoPatch.20260102_223701.backup.html
childrens-stories-about-disgust.html,True,32,5,0,1,False,False,7,True,childrens-stories-about-disgust.autoPatch.20260102_223701.backup.html
childrens-stories-about-fear.html,True,32,5,0,1,False,False,7,True,childrens-stories-about-fear.autoPatch.20260102_223701.backup.html
childrens-stories-about-happiness.html,True,32,5,0,1,False,False,7,True,childrens-stories-about-happiness.autoPatch.20260102_223701.backup.html
childrens-stories-about-sadness.html,True,32,5,0,1,False,False,7,True,childrens-stories-about-sadness.autoPatch.20260102_223701.backup.html
childrens-stories-about-surprise.html,True,32,5,0,1,False,False,7,True,childrens-stories-about-surprise.autoPatch.20260102_223701.backup.html
childrens-stories-ages-0-3.html,True,32,5,0,1,False,False,7,True,childrens-stories-ages-0-3.autoPatch.20260102_223701.backup.html
childrens-stories-ages-4-6.html,True,32,5,0,1,False,False,7,True,childrens-stories-ages-4-6.autoPatch.20260102_223701.backup.html
childrens-stories-ages-7-12.html,True,32,5,0,1,False,False,7,True,childrens-stories-ages-7-12.autoPatch.20260102_223701.backup.html
educational-bedtime-stories.html,True,32,5,0,1,False,False,8,True,educational-bedtime-stories.autoPatch.20260102_223701.backup.html
emma-and-the-surprise-party.html,True,32,5,1,1,False,False,8,True,emma-and-the-surprise-party.autoPatch.20260102_223701.backup.html
faq(1).html,True,32,5,0,1,False,False,8,True,faq(1).autoPatch.20260102_223701.backup.html
faq2.html,True,32,5,0,1,False,False,8,True,faq2.autoPatch.20260102_223701.backup.html
free-bedtime-stories-for-kids.html,True,32,5,0,1,False,False,8,True,free-bedtime-stories-for-kids.autoPatch.20260102_223701.backup.html
icon/about.html,True,32,5,1,1,False,False,7,True,icon/about.autoPatch.20260102_223701.backup.html
kids-stories-about-feelings.html,True,32,5,0,1,False,False,8,True,kids-stories-about-feelings.autoPatch.20260102_223701.backup.html
lily-and-the-blue-balloon.html,True,32,5,1,1,False,False,8,True,lily-and-the-blue-balloon.autoPatch.20260102_223701.backup.html
lunas-colorful-garden/lunas-colorful-garden.html,True,32,5,1,1,False,True,7,True,lunas-colorful-garden/lunas-colorful-garden.autoPatch.20260102_223701.backup.html
lunas-colorful-garden.html,True,32,5,0,1,False,True,8,True,lunas-colorful-garden.autoPatch.20260102_223701.backup.html
lunas-colorful-garden2.html,True,32,5,1,1,False,False,8,True,lunas-colorful-garden2.autoPatch.20260102_223701.backup.html
mayas-missing-mittens.html,True,32,5,0,1,False,True,8,True,mayas-missing-mittens.autoPatch.20260102_223701.backup.html
milo-the-mouse/milo-the-mouse.html,True,32,5,0,1,False,True,8,True,milo-the-mouse/milo-the-mouse.autoPatch.20260102_223701.backup.html
milo-the-mouse.html,True,32,5,0,1,False,False,8,True,milo-the-mouse.autoPatch.20260102_223701.backup.html
moral-stories-for-kids.html,True,32,5,0,1,False,False,8,True,moral-stories-for-kids.autoPatch.20260102_223701.backup.html
owl-in-the-dark-forest.html,True,32,5,0,1,False,False,8,True,owl-in-the-dark-forest.autoPatch.20260102_223701.backup.html
owl-in-the-dark-forest2.html,True,32,5,1,1,False,False,8,True,owl-in-the-dark-forest2.autoPatch.20260102_223701.backup.html
profile.html,True,32,5,0,1,False,False,8,True,profile.autoPatch.20260102_223701.backup.html
read-aloud-stories-for-children.html,True,32,5,0,1,False,False,8,True,read-aloud-stories-for-children.autoPatch.20260102_223701.backup.html
short-bedtime-stories-for-kids.html,True,32,5,0,1,False,False,8,True,short-bedtime-stories-for-kids.autoPatch.20260102_223701.backup.html
signin.html,True,32,5,0,1,False,False,8,True,signin.autoPatch.20260102_223701.backup.html
stars-in-my-window.html,True,32,5,1,1,False,False,8,True,stars-in-my-window.autoPatch.20260102_223701.backup.html
story_bell_blank_norotate.html,True,32,5,0,1,False,False,8,True,story_bell_blank_norotate.autoPatch.20260102_223701.backup.html
test.html,True,32,5,0,1,False,True,8,True,test.autoPatch.20260102_223701.backup.html
the-brave-little-duckling.html,True,32,5,1,1,False,False,8,True,the-brave-little-duckling.autoPatch.20260102_223701.backup.html
the-case-of-the-gross-green-socks.html,True,32,5,1,1,False,False,8,True,the-case-of-the-gross-green-socks.autoPatch.20260102_223701.backup.html
the-lonely-leaf.html,True,32,5,1,1,False,False,8,True,the-lonely-leaf.autoPatch.20260102_223701.backup.html
the-secret-in-the-library.html,True,32,5,1,1,False,False,8,True,the-secret-in-the-library.autoPatch.20260102_223701.backup.html
the-tiniest-rainbow.html,True,32,5,1,1,False,False,8,True,the-tiniest-rainbow.autoPatch.20260102_223701.backup.html
under_construction.html,True,32,5,0,1,False,False,8,True,under_construction.autoPatch.20260102_223701.backup.html
